{"cameraMode":{"drawMode":0,"name":"Shaded","section":"Shading Mode"},"sceneLighting":true,"audioPlay":false,"sceneViewState":{"showFog":true,"showMaterialUpdate":false,"showSkybox":true,"showFlares":true,"showImageEffects":true,"showParticleSystems":true},"in2DMode":false,"pivot":{"x":-34.815040588378909,"y":1.5961570739746094,"z":44.303001403808597},"rotation":{"x":0.4709690809249878,"y":-0.35691192746162417,"z":0.21628378331661225,"w":0.7771894335746765},"size":51.28480529785156,"orthographic":false}