{"cameraMode":{"drawMode":0,"name":"Shaded","section":"Shading Mode"},"sceneLighting":false,"audioPlay":false,"sceneViewState":{"showFog":true,"showMaterialUpdate":false,"showSkybox":true,"showFlares":true,"showImageEffects":true,"showParticleSystems":true},"in2DMode":false,"pivot":{"x":9.5367431640625e-7,"y":0.6524111032485962,"z":0.17999792098999024},"rotation":{"x":-0.26391422748565676,"y":-0.6584761738777161,"z":0.2663033604621887,"w":-0.6525648832321167},"size":34.07098388671875,"orthographic":false}