{"cameraMode":{"drawMode":0,"name":"Shaded","section":"Shading Mode"},"sceneLighting":false,"audioPlay":false,"sceneViewState":{"showFog":true,"showMaterialUpdate":false,"showSkybox":true,"showFlares":true,"showImageEffects":true,"showParticleSystems":true},"in2DMode":false,"pivot":{"x":50.849273681640628,"y":-45.397499084472659,"z":-115.4123764038086},"rotation":{"x":-0.2314377874135971,"y":-0.6777060031890869,"z":0.23920667171478272,"w":-0.6556915640830994},"size":101.2376937866211,"orthographic":false}