{"cameraMode":{"drawMode":0,"name":"Shaded","section":"Shading Mode"},"sceneLighting":false,"audioPlay":false,"sceneViewState":{"showFog":true,"showMaterialUpdate":false,"showSkybox":true,"showFlares":true,"showImageEffects":true,"showParticleSystems":true},"in2DMode":false,"pivot":{"x":-8.5,"y":3.5820000171661379,"z":-119.9520034790039},"rotation":{"x":0.24741271138191224,"y":0.6644524931907654,"z":-0.24919895827770234,"w":0.6596891283988953},"size":1.4289418458938599,"orthographic":false}