{"cameraMode":{"drawMode":0,"name":"Shaded","section":"Shading Mode"},"sceneLighting":false,"audioPlay":false,"sceneViewState":{"showFog":true,"showMaterialUpdate":false,"showSkybox":true,"showFlares":true,"showImageEffects":true,"showParticleSystems":true},"in2DMode":false,"pivot":{"x":-33.06226348876953,"y":-15.663414001464844,"z":2.346651077270508},"rotation":{"x":0.17088747024536134,"y":-0.6718297004699707,"z":0.1635648012161255,"w":0.7019180655479431},"size":42.749786376953128,"orthographic":false}