{"cameraMode":{"drawMode":0,"name":"Shaded","section":"Shading Mode"},"sceneLighting":false,"audioPlay":false,"sceneViewState":{"showFog":true,"showMaterialUpdate":false,"showSkybox":true,"showFlares":true,"showImageEffects":true,"showParticleSystems":true},"in2DMode":false,"pivot":{"x":0.40042662620544436,"y":0.4484248161315918,"z":3.1403470039367677},"rotation":{"x":0.1198379173874855,"y":0.055065982043743137,"z":-0.006656898185610771,"w":0.9912428259849548},"size":11.368023872375489,"orthographic":false}