{"cameraMode":{"drawMode":0,"name":"Shaded","section":"Shading Mode"},"sceneLighting":false,"audioPlay":false,"sceneViewState":{"showFog":true,"showMaterialUpdate":false,"showSkybox":true,"showFlares":true,"showImageEffects":true,"showParticleSystems":true},"in2DMode":false,"pivot":{"x":-7.028005599975586,"y":3.8900623321533205,"z":-134.81982421875},"rotation":{"x":0.26568877696990969,"y":0.6758972406387329,"z":-0.28760871291160586,"w":0.6243825554847717},"size":28.578840255737306,"orthographic":false}